Current Location,count
Chennai,29648
Coimbatore,3569
Trichy,2073
Madurai,1460
Salem,1344
Vellore,1003
Erode,791
Tirunalveli,731
Hosur,714
Cuddalore,612
Thanjavur,550
Nagercoil,500
Tuticorin,468
villupuram,141
KARUR,108
Namakkal,93
Ooty,85
dindigul,84
pudukkottai,68
DHARMAPURI,63
Nagapattinam,60
theni,59
kanchipuram,57
Ramanathapuram,51
virudhunagar,47
Rajapalayam,44
krishnagiri,43
tirupur,42
karaikudi,41
THIRUVANNAMALAI,41
Neyveli,37
sivakasi,32
Tiruvannamalai,32
Mayiladuthurai,30
coimbatore,27
THIRUVARUR,26
PERAMBALUR,23
Ariyalur,22
tiruppur,22
Pondicherry,21
kumbakonam,21
sivagangai,18
trichy,18
KANCHEEPURAM,18
SALEM,17
Chidambaram,13
Tindivanam,12
Sattur,12
palani,11
arakkonam,11
kovilpatti,11
Tiruvarur,10
Thiruvallur,10
Udumalpet,9
paramakudi,9
aruppukottai,8
Ramnad,8
Bangalore,8
srivilliputtur,8
Arni,8
Kallakurichi,8
tirunelveli,8
TIRUCHENGODE,7
Jayankondam,7
nagappattinam,7
vellore,7
Rasipuram,7
cuddalore,7
panruti,6
Kalpakkam,6
sivaganga,6
puducherry,6
CHEYYAR,6
karaikal,5
Ranipet,5
pudukottai,5
Tiruvallur,5
sirkali,5
pollachi,5
arani,4
tiruttani,4
Harur,4
Vandavasi,4
DINDUGUL,4
sirkazhi,4
marthandam,4
thiruvanamalai,3
polur,3
manamadurai,3
Vridhachalam,3
RAMANATHA PURAM,3
Virudunagar,3
Nagappatinam,3
cumbum,3
AMBUR,3
Kanyakumari,3
bodinayakanur,3
Gingee,3
gummidipoondi,3
Tirupattur,3
METTUR,3
sriperumbudur,3
KODAIKANAL,3
tuticorin,3
Aranthangi,3
thirukadaiyur,2
PONDYCHERRY,2
Batlagundu,2
Rameswaram,2
arcot,2
CHENGALPATTU,2
tenkasi,2
UDUMALAIPET,2
mannargudi,2
thirupur,2
nagaipattinam,2
Vilupuram,2
Vaitheeswarankoil,2
vadalur,2
Thiruthuraipoondi,2
Srivilliputhur,2
thanjavur,2
KK DIST,2
chengalpet,2
OOTY,2
Thiruppathur,2
chengam,2
Kattumannar koil,2
DINDUGAL,2
Kattumannarkoil,2
ARAKONAM,2
"salem,tamilnadu",2
Tiruchirappalli,2
villupuram DT,2
Villuppuram,2
UTHANGARAI,2
VAITHEESWARANKOVIL,2
vaniyambadi,2
Villupuruam,1
chidambarampatti,1
Karaikudi Near Trichy,1
vedharaniyam,1
vanur,1
tripur,1
"HOSUR,BANGALORE,CHENNAI",1
viluppuram,1
Kuwait,1
vallioor,1
Kumarachithanpatti,1
Thiruvannamalai Dist,1
kaveripattinam,1
kanayakumari,1
kilakkarai,1
Dubai,1
madhuranthakam,1
SENDURAI,1
puduckkottai,1
Madurantakam,1
Nambarai village,1
BHAVANI,1
Thiruchirappalli,1
banglore,1
Chengalpat,1
GOA,1
chattisgarh,1
thiruthangal,1
bhadrak,1
KARAIKUDI NEAR MADURAI,1
labbaikudikadu,1
ODDANCHATRAM,1
Kaliakkavilai,1
tanjore,1
"Udumalpet, Tamilnadu",1
TRICHY,1
jeyankondam,1
needamangalam,1
thanjhavur,1
nagore,1
nagapttinam,1
pannur,1
jayamkondam,1
thirucadaiyur,1
Bathinda,1
TIRUPATTUR IN VELLORE DIS,1
vedaraniyam,1
vilathikulam,1
Tambaram,1
pudhucherry,1
shree prembadur,1
Echandha,1
Chetpet,1
"Dindigul,Tamilnadu",1
"Koothiparai, Virudhunagar",1
"polur,tiruvannamalai dt",1
naga kovil,1
VIRDHUNAGAR,1
tiruchirappali,1
karikkali,1
pazhani,1
"Tirukovilur,villupuram di",1
KANCHEEPURAM.,1
"Tiruvallur,chennai",1
Avinashi,1
"Nanjalore,CDM",1
Thiruvengadam,1
gudalur,1
Kulasekharam,1
Tumkur,1
Sathur,1
jolarpettai,1
Vasudevanallur,1
neyveli township,1
Elevanasurkottai,1
SINGAMPUNARI,1
Mettur dam,1
TRICHIRAPALLI,1
"coimbatore,tirupur",1
Ramanathapuram.,1
GOBICHETTIPALAYAM,1
Malaysia,1
vaitheeswaran koil,1
tiruvattar,1
"sivakasi,virudhunagar dis",1
Perambalur.,1
dharmapuri.,1
seerappalli,1
Gobi,1
Dhermapuri,1
NAMAKKAL District,1
tirukoilur,1
Tiruvanamalai,1
bangalore,1
villupuram distik,1
pondy,1
Ramanathapuram Dist.,1
Arni-Thiruvannamalai Dist,1
perundurai,1
NELLAI,1
Patiala,1
Coonooor,1
Kangayam,1
Kaveripattanam,1
Narippaiyur,1
Neyvelli,1
suchindrum,1
Kollidam,1
ramnadu,1
parikkal,1
komarapalayam,1
Tiruchendur,1
virrudhachalam,1
dharapuram,1
Moongil Thottam,1
THIRUPPUVANAM,1
Thiruppur,1
jolarpet,1
tiruvanna malai dt,1
Mayiladuthurai-nagapattin,1
T.N.- Other,1
hyderabad,1
thiruvadanai,1
Oman,1
ARANTHANGI.,1
chinnababusamudhiram,1
Kovai,1
thruvanamalai,1
Mudukulathur,1
Villathikulam Taluk,1
"karaikudi,sivaganga dst",1
PUDUDKOTTAI,1
DINDIGUL.,1
"cheyyar, T.V.Malai,Dt.",1
Sathyamangalam,1
Regunathapuram,1
Surat,1
Wellington,1
Gudallur,1
devakottai,1
Dharmapuri town,1
trivellore,1
"Avadi, Chennai",1
thirupattur,1
Ernakulam,1
PERAMBALUR DT,1
NILGIRIS,1
kanya kumari,1
Udaikulam,1
DIDUGUL,1
ambattur,1
Pattukkottai,1
Neyveli-TS,1
india,1
"srivilliputtur,virudhunag",1
Ramanthapuram,1
Gumidipoondi,1
"namakkal,komarapalayam",1
VIRUDHUNAGER,1
kalugumalai,1
ariyakudi,1
vrridachalam,1
tiruvallore,1
haridwar,1
"Ilayangudi,sivaganagi dis",1
"Lower camp, Theni distric",1
Veeravanallur,1
villpuram,1
chinnasalam,1
THOOTHUKUDI-DT,1
"cuddalore,pondy",1
mayiladhurai,1
dharmapui,1
viruthunager,1
ANDIMADAM,1
udamalpet,1
puthur,1
kayathar,1
MAYILADUTHURAI.,1
"Arakkonam, Vellore",1
thirukovilur,1
amanathapuram,1
vailankanni,1
ARRAKONAM,1
Devathanam,1
mayiladudurai,1
Mayiladuthrai,1
sankarankovil,1
Gudiyattam,1
